,GameId,Team,Home,Score,AST,TOV,STL,BLK,Rebounds,ORB,DRB,FGA,FGM,3FGM,3FGA,FTA,FTM,Fouls,Win,FGP,3FGP,FTP,Score_Margin,AST_Margin,TOV_Margin,STL_Margin,BLK_Margin,Rebounds_Margin,ORB_Margin,DRB_Margin,Fouls_Margin,FGP_Margin,3FGP_Margin,FTP_Margin,Neutral_Indicator
0,1,Virginia Tech Hokies,1,81,19,7,5,1,24,2,22,55,33,11,18,5,4,13,1,0.6,0.611111111,0.8,15,6,-4,3,-4,-6,-11,5,3,0.189285714,0.22875817,0.261538462,0
1,1,Notre Dame Fighting Irish,0,66,13,11,2,5,30,13,17,56,23,13,34,13,7,10,0,0.410714286,0.382352941,0.538461538,-15,-6,4,-3,4,6,11,-5,-3,-0.189285714,-0.22875817,-0.261538462,0
2,2,North Carolina State Wolfpack,0,87,17,16,4,3,50,17,33,68,31,11,30,18,14,23,1,0.455882353,0.366666667,0.777777778,5,5,9,-3,2,23,8,15,9,-0.003134041,-0.033333333,0.22605364,0
3,2,Miami (FL) Hurricanes,1,82,12,7,7,1,27,9,18,61,28,10,25,29,16,14,0,0.459016393,0.4,0.551724138,-5,-5,-9,3,-2,-23,-8,-15,-9,0.003134041,0.033333333,-0.22605364,0
4,3,Duke Blue Devils,1,87,16,12,13,6,39,12,27,67,32,7,23,21,16,15,1,0.47761194,0.304347826,0.761904762,19,2,-4,7,4,4,3,1,-1,0.049040512,-0.095652174,0.095238095,0
5,3,Clemson Tigers,0,68,14,16,6,2,35,9,26,63,27,6,15,12,8,16,0,0.428571429,0.4,0.666666667,-19,-2,4,-7,-4,-4,-3,-1,1,-0.049040512,0.095652174,-0.095238095,0
6,4,Virginia Tech Hokies,1,77,13,11,5,2,31,8,23,54,25,6,22,25,21,18,1,0.462962963,0.272727273,0.84,11,3,-1,1,0,6,3,3,-4,0.06712963,-0.023569024,0.04,0
7,4,Boston College Eagles,0,66,10,12,4,2,25,5,20,48,19,8,27,25,20,22,0,0.395833333,0.296296296,0.8,-11,-3,1,-1,0,-6,-3,-3,4,-0.06712963,0.023569024,-0.04,0
8,5,Notre Dame Fighting Irish,1,62,16,10,3,7,35,9,26,58,20,11,33,17,11,12,0,0.344827586,0.333333333,0.647058824,-10,5,1,-1,4,-8,-4,-4,-3,-0.06693712,-0.08045977,-0.152941176,0
9,5,Syracuse Orange,0,72,11,9,4,3,43,13,30,68,28,12,29,5,4,15,1,0.411764706,0.413793103,0.8,10,-5,-1,1,-4,8,4,4,3,0.06693712,0.08045977,0.152941176,0
10,6,North Carolina Tar Heels,0,85,24,11,8,7,49,16,33,74,32,10,24,17,11,24,1,0.432432432,0.416666667,0.647058824,25,17,-4,1,0,12,5,7,5,0.12598082,0.311403509,0.022058824,0
11,6,Pittsburgh Panthers,1,60,7,15,7,7,37,11,26,62,19,2,19,32,20,19,0,0.306451613,0.105263158,0.625,-25,-17,4,-1,0,-12,-5,-7,-5,-0.12598082,-0.311403509,-0.022058824,0
12,7,Wake Forest Demon Deacons,0,79,10,13,6,2,28,11,17,68,27,9,22,22,16,23,0,0.397058824,0.409090909,0.727272727,-13,-10,1,-5,-6,1,6,-5,4,-0.160633484,0.109090909,-0.096256684,0
13,7,Georgia Tech Yellow Jackets,1,92,20,12,11,8,27,5,22,52,29,6,20,34,28,19,1,0.557692308,0.3,0.823529412,13,10,-1,5,6,-1,-6,5,-4,0.160633484,-0.109090909,0.096256684,0
14,8,Florida State Seminoles,0,52,8,13,9,6,29,6,23,44,15,6,23,27,16,19,0,0.340909091,0.260869565,0.592592593,-13,-4,3,5,4,-3,0,-3,3,-0.062937063,-0.176630435,-0.296296296,0
15,8,Virginia Cavaliers,1,65,12,10,4,2,32,6,26,52,21,7,16,18,16,16,1,0.403846154,0.4375,0.888888889,13,4,-3,-5,-4,3,0,3,-3,0.062937063,0.176630435,0.296296296,0
16,9,Louisville Cardinals,1,90,19,7,1,1,38,14,24,69,33,13,31,15,11,16,1,0.47826087,0.419354839,0.733333333,17,12,-5,-3,1,4,4,0,0,0.049689441,0.034739454,-0.016666667,0
17,9,Miami (FL) Hurricanes,0,73,7,12,4,0,34,10,24,56,24,10,26,20,15,16,0,0.428571429,0.384615385,0.75,-17,-12,5,3,-1,-4,-4,0,0,-0.049689441,-0.034739454,0.016666667,0
18,10,Wake Forest Demon Deacons,1,65,6,15,5,0,31,15,16,65,22,4,18,28,17,16,0,0.338461538,0.222222222,0.607142857,-22,-18,-2,-2,-13,-8,3,-11,-6,-0.242183623,-0.082125604,0.107142857,0
19,10,Duke Blue Devils,0,87,24,17,7,13,39,12,27,62,36,7,23,16,8,22,1,0.580645161,0.304347826,0.5,22,18,2,2,13,8,-3,11,6,0.242183623,0.082125604,-0.107142857,0
20,11,North Carolina State Wolfpack,1,82,17,13,12,8,28,8,20,73,31,8,28,17,12,21,0,0.424657534,0.285714286,0.705882353,-8,-3,-10,8,3,-19,-4,-15,1,-0.028467466,-0.114285714,-0.140271493,0
21,11,North Carolina Tar Heels,0,90,20,23,4,5,47,12,35,64,29,10,25,26,22,20,1,0.453125,0.4,0.846153846,8,3,10,-8,-3,19,4,15,-1,0.028467466,0.114285714,0.140271493,0
22,12,Georgia Tech Yellow Jackets,1,49,12,18,5,4,29,2,27,38,17,6,16,16,9,22,0,0.447368421,0.375,0.5625,-3,0,10,2,2,-1,-7,6,7,0.149122807,0.189814815,-0.121710526,0
23,12,Virginia Tech Hokies,0,52,12,8,3,2,30,9,21,57,17,5,27,19,13,15,1,0.298245614,0.185185185,0.684210526,3,0,-10,-2,-2,1,7,-6,-7,-0.149122807,-0.189814815,0.121710526,0
24,13,Syracuse Orange,1,61,12,15,5,7,31,5,26,48,20,6,26,23,15,16,1,0.416666667,0.230769231,0.652173913,8,-2,-1,-2,5,-1,-4,3,-6,0.058176101,-0.019230769,0.063938619,0
25,13,Clemson Tigers,0,53,14,16,7,2,32,9,23,53,19,5,20,17,10,22,0,0.358490566,0.25,0.588235294,-8,2,1,2,-5,1,4,-3,6,-0.058176101,0.019230769,-0.063938619,0
26,14,Pittsburgh Panthers,1,89,15,12,6,6,28,6,22,61,32,9,20,33,16,26,1,0.524590164,0.45,0.484848485,3,-2,-6,4,1,-9,-5,-4,2,0.068707811,0.2,-0.25428195,0
27,14,Louisville Cardinals,0,86,17,18,2,5,37,11,26,68,31,7,28,23,17,24,0,0.455882353,0.25,0.739130435,-3,2,6,-4,-1,9,5,4,-2,-0.068707811,-0.2,0.25428195,0
28,15,Florida State Seminoles,1,68,15,9,7,3,38,11,27,64,27,6,26,13,8,20,1,0.421875,0.230769231,0.615384615,6,5,-3,4,3,9,3,6,5,0.05150463,0.008547009,-0.202797203,0
29,15,Miami (FL) Hurricanes,0,62,10,12,3,0,29,8,21,54,20,4,18,22,18,15,0,0.37037037,0.222222222,0.818181818,-6,-5,3,-4,-3,-9,-3,-6,-5,-0.05150463,-0.008547009,0.202797203,0
30,16,Virginia Cavaliers,0,83,17,10,5,6,38,7,31,55,33,8,19,14,9,16,1,0.6,0.421052632,0.642857143,27,11,2,1,6,20,3,17,4,0.214035088,0.141052632,0.087301587,0
31,16,Boston College Eagles,1,56,6,8,4,0,18,4,14,57,22,7,25,9,5,12,0,0.385964912,0.28,0.555555556,-27,-11,-2,-1,-6,-20,-3,-17,-4,-0.214035088,-0.141052632,-0.087301587,0
32,17,Notre Dame Fighting Irish,1,69,11,10,7,5,40,11,29,61,21,7,26,23,20,15,1,0.344262295,0.269230769,0.869565217,3,2,-2,3,2,-1,0,-1,-4,-0.055737705,-0.016483516,0.069565217,0
33,17,Boston College Eagles,0,66,9,12,4,3,41,11,30,65,26,6,21,10,8,19,0,0.4,0.285714286,0.8,-3,-2,2,-3,-2,1,0,1,4,0.055737705,0.016483516,-0.069565217,0
34,18,Virginia Cavaliers,0,63,11,8,4,2,46,10,36,57,23,10,23,12,7,13,1,0.403508772,0.434782609,0.583333333,20,6,1,-3,0,10,2,8,-1,0.144249513,0.276887872,-0.12254902,0
35,18,Clemson Tigers,1,43,5,7,7,2,36,8,28,54,14,3,19,17,12,14,0,0.259259259,0.157894737,0.705882353,-20,-6,-1,3,0,-10,-2,-8,1,-0.144249513,-0.276887872,0.12254902,0
36,19,Pittsburgh Panthers,0,80,13,16,8,4,30,7,23,55,25,6,13,28,24,21,0,0.454545455,0.461538462,0.857142857,-6,-3,3,-1,-2,-8,-8,0,2,0.032010243,0.111538462,0.097142857,0
37,19,North Carolina State Wolfpack,1,86,16,13,9,6,38,15,23,71,30,7,20,25,19,19,1,0.422535211,0.35,0.76,6,3,-3,1,2,8,8,0,-2,-0.032010243,-0.111538462,-0.097142857,0
38,20,North Carolina Tar Heels,1,62,13,14,9,3,26,11,15,58,20,3,22,27,19,21,0,0.344827586,0.136363636,0.703703704,-21,-4,0,1,3,-10,4,-14,1,-0.173690932,-0.286713287,0.088319088,0
39,20,Louisville Cardinals,0,83,17,14,8,0,36,7,29,54,28,11,26,26,16,20,1,0.518518519,0.423076923,0.615384615,21,4,0,-1,-3,10,-4,14,-1,0.173690932,0.286713287,-0.088319088,0
40,21,Duke Blue Devils,0,80,14,14,7,3,27,9,18,65,30,11,24,15,9,15,1,0.461538462,0.458333333,0.6,2,-2,-3,-1,-4,-9,-7,-2,1,0.058312655,0.138333333,-0.233333333,0
41,21,Florida State Seminoles,1,78,16,17,8,7,36,16,20,62,25,8,25,24,20,14,0,0.403225806,0.32,0.833333333,-2,2,3,1,4,9,7,2,-1,-0.058312655,-0.138333333,0.233333333,0
42,22,Miami (FL) Hurricanes,1,76,16,15,5,5,36,6,30,48,23,11,25,23,19,12,1,0.479166667,0.44,0.826086957,11,5,3,-2,5,3,-8,11,-8,0.136700913,0.227878788,-0.062801932,0
43,22,Wake Forest Demon Deacons,0,65,11,12,7,0,33,14,19,73,25,7,33,9,8,20,0,0.342465753,0.212121212,0.888888889,-11,-5,-3,2,-5,-3,8,-11,8,-0.136700913,-0.227878788,0.062801932,0
44,23,Georgia Tech Yellow Jackets,0,73,16,21,15,4,28,6,22,42,25,6,12,27,17,17,1,0.595238095,0.5,0.62962963,14,3,4,5,0,3,-4,7,-2,0.279448622,0.287878788,-0.132275132,0
45,23,Syracuse Orange,1,59,13,17,10,4,25,10,15,57,18,7,33,21,16,19,0,0.315789474,0.212121212,0.761904762,-14,-3,-4,-5,0,-3,4,-7,2,-0.279448622,-0.287878788,0.132275132,0
46,24,Syracuse Orange,0,95,13,14,3,5,44,11,33,80,35,11,25,19,14,20,1,0.4375,0.44,0.736842105,4,-8,3,-5,-7,-4,-3,-1,0,0.05,0.230697674,-0.003898635,0
47,24,Duke Blue Devils,1,91,21,11,8,12,48,14,34,80,31,9,43,27,20,20,0,0.3875,0.209302326,0.740740741,-4,8,-3,5,7,4,3,1,0,-0.05,-0.230697674,0.003898635,0
48,25,Florida State Seminoles,0,62,8,12,7,8,38,14,24,58,20,2,22,27,20,31,0,0.344827586,0.090909091,0.740740741,-13,0,0,0,2,4,7,-3,12,-0.002998501,-0.203208556,-0.085346216,0
49,25,Pittsburgh Panthers,1,75,8,12,7,6,34,7,27,46,16,5,17,46,38,19,1,0.347826087,0.294117647,0.826086957,13,0,0,0,-2,-4,-7,3,-12,0.002998501,0.203208556,0.085346216,0
50,26,North Carolina State Wolfpack,0,67,10,9,8,4,39,18,21,73,27,6,29,9,7,22,0,0.369863014,0.206896552,0.777777778,-4,0,-2,0,0,-2,6,-8,8,-0.072444679,0.02507837,-0.043650794,0
51,26,Wake Forest Demon Deacons,1,71,10,11,8,4,41,12,29,52,23,2,11,28,23,14,1,0.442307692,0.181818182,0.821428571,4,0,2,0,0,2,-6,8,-8,0.072444679,-0.02507837,0.043650794,0
52,27,Virginia Tech Hokies,0,59,10,9,6,1,19,6,13,44,19,7,21,17,14,10,0,0.431818182,0.333333333,0.823529412,-22,-8,0,2,-1,-8,-2,-6,0,-0.153087479,-0.208333333,-0.176470588,0
53,27,Virginia Cavaliers,1,81,18,9,4,2,27,8,19,53,31,13,24,6,6,10,1,0.58490566,0.541666667,1,22,8,0,-2,1,8,2,6,0,0.153087479,0.208333333,0.176470588,0
54,28,Notre Dame Fighting Irish,0,69,13,11,2,8,36,7,29,61,25,10,28,14,9,16,0,0.409836066,0.357142857,0.642857143,-6,-2,0,-4,6,-11,-9,-2,1,0.012777242,-0.071428571,0.042857143,0
55,28,North Carolina Tar Heels,1,75,15,11,6,2,47,16,31,68,27,9,21,20,12,15,1,0.397058824,0.428571429,0.6,6,2,0,4,-6,11,9,2,-1,-0.012777242,0.071428571,-0.042857143,0
56,29,Louisville Cardinals,1,80,16,12,6,2,41,12,29,62,29,12,29,14,10,11,1,0.467741935,0.413793103,0.714285714,10,2,0,0,-1,11,6,5,-4,0.017741935,0.109445277,-0.035714286,0
57,29,Boston College Eagles,0,70,14,12,6,3,30,6,24,60,27,7,23,12,9,15,0,0.45,0.304347826,0.75,-10,-2,0,0,1,-11,-6,-5,4,-0.017741935,-0.109445277,0.035714286,0
58,30,Georgia Tech Yellow Jackets,0,60,7,11,6,7,18,2,16,44,21,4,11,21,14,17,0,0.477272727,0.363636364,0.666666667,-12,-6,2,1,5,-10,-5,-5,-1,-0.032161235,-0.073863636,-0.119047619,0
59,30,Clemson Tigers,1,72,13,9,5,2,28,7,21,53,27,7,16,14,11,18,1,0.509433962,0.4375,0.785714286,12,6,-2,-1,-5,10,5,5,1,0.032161235,0.073863636,0.119047619,0
60,31,Virginia Cavaliers,0,70,8,8,4,4,27,6,21,53,28,3,17,17,11,20,0,0.528301887,0.176470588,0.647058824,-2,2,0,-1,3,-3,-2,-1,2,0.018497965,0.033613445,0.066413662,0
61,31,Duke Blue Devils,1,72,6,8,5,1,30,8,22,51,26,2,14,31,18,18,1,0.509803922,0.142857143,0.580645161,2,-2,0,1,-3,3,2,1,-2,-0.018497965,-0.033613445,-0.066413662,0
62,32,Miami (FL) Hurricanes,1,76,13,11,7,2,23,6,17,55,27,9,21,18,13,15,0,0.490909091,0.428571429,0.722222222,-9,-13,-4,0,1,-13,-5,-8,-4,-0.059090909,-0.021428571,0.007936508,0
63,32,North Carolina Tar Heels,0,85,26,15,7,1,36,11,25,60,33,9,20,14,10,19,1,0.55,0.45,0.714285714,9,13,4,0,-1,13,5,8,4,0.059090909,0.021428571,-0.007936508,0
64,33,Notre Dame Fighting Irish,1,73,15,9,4,4,37,9,28,59,24,7,28,24,18,18,0,0.406779661,0.25,0.75,-4,0,2,0,1,-5,-4,-1,-1,-0.028002948,-0.118421053,0.083333333,0
65,33,North Carolina State Wolfpack,0,77,15,7,4,3,42,13,29,69,30,7,19,15,10,19,1,0.434782609,0.368421053,0.666666667,4,0,-2,0,-1,5,4,1,1,0.028002948,0.118421053,-0.083333333,0
66,34,Syracuse Orange,1,74,17,14,8,10,30,7,23,54,25,12,26,23,12,14,1,0.462962963,0.461538462,0.52173913,11,9,-2,4,8,-9,-8,-1,-9,0.124501425,0.147252747,-0.049689441,0
67,34,Pittsburgh Panthers,0,63,8,16,4,2,39,15,24,65,22,11,35,14,8,23,0,0.338461538,0.314285714,0.571428571,-11,-9,2,-4,-8,9,8,1,9,-0.124501425,-0.147252747,0.049689441,0
68,35,Wake Forest Demon Deacons,0,71,8,14,3,0,30,12,18,48,18,8,24,38,27,18,0,0.375,0.333333333,0.710526316,-16,-7,3,-5,-4,8,8,0,-6,-0.193627451,-0.08974359,-0.107655502,0
69,35,Virginia Tech Hokies,1,87,15,11,8,4,22,4,18,51,29,11,26,22,18,24,1,0.568627451,0.423076923,0.818181818,16,7,-3,5,4,-8,-8,0,6,0.193627451,0.08974359,0.107655502,0
70,36,Louisville Cardinals,0,79,21,11,5,2,41,9,32,66,31,7,24,14,10,22,1,0.46969697,0.291666667,0.714285714,28,8,-6,-1,-4,12,3,9,5,0.08969697,0.191666667,0.214285714,0
71,36,Georgia Tech Yellow Jackets,1,51,13,17,6,6,29,6,23,50,19,1,10,24,12,17,0,0.38,0.1,0.5,-28,-8,6,1,4,-12,-3,-9,-5,-0.08969697,-0.191666667,-0.214285714,0
72,37,Florida State Seminoles,0,82,12,9,4,4,36,16,20,67,28,8,25,24,18,25,0,0.417910448,0.32,0.75,-5,-4,-4,-2,0,3,6,-3,5,-0.072998643,-0.299047619,0.035714286,0
73,37,Boston College Eagles,1,87,16,13,6,4,33,10,23,55,27,13,21,28,20,20,1,0.490909091,0.619047619,0.714285714,5,4,4,2,0,-3,-6,3,-5,0.072998643,0.299047619,-0.035714286,0
74,38,North Carolina Tar Heels,1,103,25,12,9,2,32,10,22,67,36,16,34,17,15,13,1,0.537313433,0.470588235,0.882352941,21,4,-3,1,1,2,0,2,-5,0.094690482,0.006302521,-0.055147059,0
75,38,Virginia Tech Hokies,0,82,21,15,8,1,30,10,20,61,27,13,28,16,15,18,0,0.442622951,0.464285714,0.9375,-21,-4,3,-1,-1,-2,0,-2,5,-0.094690482,-0.006302521,0.055147059,0
76,39,Florida State Seminoles,1,77,14,8,1,1,28,5,23,55,25,10,22,21,17,15,1,0.454545455,0.454545455,0.80952381,9,1,-3,0,0,-3,-1,-2,-2,0.006269592,0.160427807,0.023809524,0
77,39,Clemson Tigers,0,68,13,11,1,1,31,6,25,58,26,5,17,14,11,17,0,0.448275862,0.294117647,0.785714286,-9,-1,3,0,0,3,1,2,2,-0.006269592,-0.160427807,-0.023809524,0
78,40,Notre Dame Fighting Irish,0,61,15,13,9,4,34,15,19,65,21,7,30,15,12,12,0,0.323076923,0.233333333,0.8,-2,4,-1,1,2,5,8,-3,-3,-0.138461538,-0.029824561,0.133333333,0
79,40,Georgia Tech Yellow Jackets,1,63,11,14,8,2,29,7,22,52,24,5,19,15,10,15,1,0.461538462,0.263157895,0.666666667,2,-4,1,-1,-2,-5,-8,3,3,0.138461538,0.029824561,-0.133333333,0
80,41,Virginia Cavaliers,1,68,14,7,6,6,39,12,27,57,22,7,21,21,17,15,1,0.385964912,0.333333333,0.80952381,23,4,-3,1,3,6,2,4,-3,0.076874003,0.083333333,0.095238095,0
81,41,Wake Forest Demon Deacons,0,45,10,10,5,3,33,10,23,55,17,6,24,7,5,18,0,0.309090909,0.25,0.714285714,-23,-4,3,-1,-3,-6,-2,-4,3,-0.076874003,-0.083333333,-0.095238095,0
82,42,Pittsburgh Panthers,1,64,6,14,5,3,30,8,22,53,22,3,15,20,17,17,0,0.41509434,0.2,0.85,-15,-9,2,-4,-4,-5,-6,1,0,-0.015674891,-0.104347826,0.05,0
83,42,Duke Blue Devils,0,79,15,12,9,7,35,14,21,65,28,7,23,20,16,17,1,0.430769231,0.304347826,0.8,15,9,-2,4,4,5,6,-1,0,0.015674891,0.104347826,-0.05,0
84,43,North Carolina State Wolfpack,0,77,14,23,6,2,36,13,23,65,30,12,27,7,5,23,0,0.461538462,0.444444444,0.714285714,-7,1,8,1,-1,12,7,5,11,-0.029027576,0.096618357,-0.113300493,0
85,43,Louisville Cardinals,1,84,13,15,5,3,24,6,18,53,26,8,23,29,24,12,1,0.490566038,0.347826087,0.827586207,7,-1,-8,-1,1,-12,-7,-5,-11,0.029027576,-0.096618357,0.113300493,0
86,44,Miami (FL) Hurricanes,0,53,11,12,4,1,32,10,22,59,20,8,29,6,5,7,0,0.338983051,0.275862069,0.833333333,-20,-11,6,-3,-10,5,6,-1,-1,-0.151582987,-0.190804598,-0.041666667,0
87,44,Syracuse Orange,1,73,22,6,7,11,27,4,23,53,26,14,30,8,7,8,1,0.490566038,0.466666667,0.875,20,11,-6,3,10,-5,-6,1,1,0.151582987,0.190804598,0.041666667,0
88,45,Georgia Tech Yellow Jackets,0,53,11,18,10,3,32,9,23,58,24,3,10,6,2,17,0,0.413793103,0.3,0.333333333,-13,-3,6,-3,-4,-6,-2,-4,4,0,0.204761905,-0.50877193,0
89,45,Duke Blue Devils,1,66,14,12,13,7,38,11,27,58,24,2,21,19,16,13,1,0.413793103,0.095238095,0.842105263,13,3,-6,3,4,6,2,4,-4,0,-0.204761905,0.50877193,0
90,46,Virginia Cavaliers,0,82,12,2,2,5,44,10,34,67,35,8,18,7,4,9,1,0.52238806,0.444444444,0.571428571,27,2,-5,1,2,15,2,13,1,0.161732322,0.168582375,0.196428571,0
91,46,Notre Dame Fighting Irish,1,55,10,7,1,3,29,8,21,61,22,8,29,8,3,8,0,0.360655738,0.275862069,0.375,-27,-2,5,-1,-2,-15,-2,-13,-1,-0.161732322,-0.168582375,-0.196428571,0
92,47,Pittsburgh Panthers,0,51,8,17,4,4,33,7,26,54,19,6,21,13,7,19,0,0.351851852,0.285714286,0.538461538,-15,-6,5,-4,0,-4,0,-4,4,-0.041005291,-0.062111801,-0.336538462,0
93,47,Louisville Cardinals,1,66,14,12,8,4,37,7,30,56,22,8,23,16,14,15,1,0.392857143,0.347826087,0.875,15,6,-5,4,0,4,0,4,-4,0.041005291,0.062111801,0.336538462,0
94,48,Clemson Tigers,0,67,5,15,8,4,33,10,23,51,25,0,7,26,17,16,0,0.490196078,0,0.653846154,-2,-6,0,5,4,7,3,4,-5,0.045751634,-0.375,-0.269230769,0
95,48,North Carolina State Wolfpack,1,69,11,15,3,0,26,7,19,54,24,9,24,13,12,21,1,0.444444444,0.375,0.923076923,2,6,0,-5,-4,-7,-3,-4,5,-0.045751634,0.375,0.269230769,0
96,49,Wake Forest Demon Deacons,1,61,12,16,2,3,38,9,29,56,25,5,23,6,6,10,0,0.446428571,0.217391304,1,-4,-5,10,-4,1,10,0,10,-3,0.031043956,-0.086956522,0.6,0
97,49,Boston College Eagles,0,65,17,6,6,2,28,9,19,65,27,7,23,10,4,13,1,0.415384615,0.304347826,0.4,4,5,-10,4,-1,-10,0,-10,3,-0.031043956,0.086956522,-0.6,0
98,50,Virginia Tech Hokies,1,78,23,12,4,2,29,7,22,48,25,14,30,20,14,15,1,0.520833333,0.466666667,0.7,22,16,-2,-4,0,6,-1,7,-2,0.15719697,0.145238095,0.2,0
99,50,Syracuse Orange,0,56,7,14,8,2,23,8,15,55,20,9,28,14,7,17,0,0.363636364,0.321428571,0.5,-22,-16,2,4,0,-6,1,-7,2,-0.15719697,-0.145238095,-0.2,0
100,51,Miami (FL) Hurricanes,1,66,11,9,5,3,23,5,18,55,23,7,29,18,13,17,0,0.418181818,0.24137931,0.722222222,-12,-9,-5,0,-1,-9,0,-9,0,-0.141818182,-0.35862069,0.007936508,0
101,51,Florida State Seminoles,0,78,20,14,5,4,32,5,27,50,28,12,20,14,10,17,1,0.56,0.6,0.714285714,12,9,5,0,1,9,0,9,0,0.141818182,0.35862069,-0.007936508,0
102,52,Notre Dame Fighting Irish,1,61,9,9,7,3,32,14,18,66,23,8,24,9,7,14,0,0.348484848,0.333333333,0.777777778,-22,-4,1,-1,-3,-7,1,-8,-1,-0.193888033,-0.192982456,0.215277778,0
103,52,Duke Blue Devils,0,83,13,8,8,6,39,13,26,59,32,10,19,16,9,15,1,0.542372881,0.526315789,0.5625,22,4,-1,1,3,7,-1,8,1,0.193888033,0.192982456,-0.215277778,0
104,53,Virginia Cavaliers,0,66,15,15,2,6,36,10,26,52,24,4,10,19,14,22,1,0.461538462,0.4,0.736842105,1,5,7,-6,2,12,0,12,6,0.117788462,0.130769231,0.070175439,0
105,53,North Carolina State Wolfpack,1,65,10,8,8,4,24,10,14,64,22,7,26,21,14,16,0,0.34375,0.269230769,0.666666667,-1,-5,-7,6,-2,-12,0,-12,-6,-0.117788462,-0.130769231,-0.070175439,0
106,54,Georgia Tech Yellow Jackets,1,54,15,15,8,7,32,6,26,60,21,2,16,13,10,12,0,0.35,0.125,0.769230769,-23,-6,0,-2,5,-5,1,-6,-1,-0.125409836,-0.356481481,0.223776224,0
107,54,North Carolina Tar Heels,0,77,21,15,10,2,37,5,32,61,29,13,27,11,6,13,1,0.475409836,0.481481481,0.545454545,23,6,0,2,-5,5,-1,6,1,0.125409836,0.356481481,-0.223776224,0
108,55,Clemson Tigers,1,82,17,14,4,7,29,5,24,47,26,14,27,21,16,19,1,0.553191489,0.518518519,0.761904762,13,15,2,-3,6,6,-3,9,-2,0.100361301,0.154882155,0.142857143,0
109,55,Pittsburgh Panthers,0,69,2,12,7,1,23,8,15,53,24,8,22,21,13,21,0,0.452830189,0.363636364,0.619047619,-13,-15,-2,3,-6,-6,3,-9,2,-0.100361301,-0.154882155,-0.142857143,0
110,56,Virginia Tech Hokies,0,82,13,15,11,3,26,2,24,51,30,9,19,15,13,14,1,0.588235294,0.473684211,0.866666667,12,-1,-1,0,2,4,-2,6,2,0.177521008,0.110047847,0.00952381,0
111,56,Miami (FL) Hurricanes,1,70,14,16,11,1,22,4,18,56,23,12,33,14,12,12,0,0.410714286,0.363636364,0.857142857,-12,1,1,0,-2,-4,2,-6,-2,-0.177521008,-0.110047847,-0.00952381,0
112,57,Syracuse Orange,0,77,11,11,6,1,23,7,16,52,29,11,26,15,8,19,1,0.557692308,0.423076923,0.533333333,6,-2,0,1,1,0,1,-1,0,0.091025641,0.013986014,-0.336231884,0
113,57,Boston College Eagles,1,71,13,11,5,0,23,6,17,45,21,9,22,23,20,19,0,0.466666667,0.409090909,0.869565217,-6,2,0,-1,-1,0,-1,1,0,-0.091025641,-0.013986014,0.336231884,0
114,58,Louisville Cardinals,0,82,16,11,6,3,39,9,30,56,29,10,24,18,14,17,1,0.517857143,0.416666667,0.777777778,28,13,0,0,1,7,-6,13,1,0.253151261,0.316666667,-0.064327485,0
115,58,Wake Forest Demon Deacons,1,54,3,11,6,2,32,15,17,68,18,2,20,19,16,16,0,0.264705882,0.1,0.842105263,-28,-13,0,0,-1,-7,6,-13,-1,-0.253151261,-0.316666667,0.064327485,0
116,59,North Carolina Tar Heels,0,79,16,10,7,3,47,16,31,69,29,6,24,19,15,15,1,0.420289855,0.25,0.789473684,10,2,-1,3,0,16,9,7,-1,0.000935016,-0.094827586,0.011695906,0
117,59,Louisville Cardinals,1,69,14,11,4,3,31,7,24,62,26,10,29,9,7,16,0,0.419354839,0.344827586,0.777777778,-10,-2,1,-3,0,-16,-9,-7,1,-0.000935016,0.094827586,-0.011695906,0
118,60,Virginia Tech Hokies,0,47,8,10,8,3,37,10,27,45,16,7,21,13,8,11,1,0.355555556,0.333333333,0.615384615,23,6,0,3,0,5,-3,8,-5,0.188888889,0.261904762,-0.051282051,0
119,60,North Carolina State Wolfpack,1,24,2,10,5,3,32,13,19,54,9,2,28,6,4,16,0,0.166666667,0.071428571,0.666666667,-23,-6,0,-3,0,-5,3,-8,5,-0.188888889,-0.261904762,0.051282051,0
120,61,Georgia Tech Yellow Jackets,0,49,5,14,3,2,30,9,21,60,17,3,21,14,12,23,0,0.283333333,0.142857143,0.857142857,-10,-5,0,-2,-3,-5,3,-8,4,-0.064492754,-0.107142857,0.09047619,0
121,61,Florida State Seminoles,1,59,10,14,5,5,35,6,29,46,16,4,16,30,23,19,1,0.347826087,0.25,0.766666667,10,5,0,2,3,5,-3,8,-4,0.064492754,0.107142857,-0.09047619,0
122,62,Notre Dame Fighting Irish,0,79,10,9,3,3,25,4,21,51,27,10,20,18,15,13,1,0.529411765,0.5,0.833333333,6,-7,0,-1,1,-9,-10,1,0,0.066725198,0.195652174,0.333333333,0
123,62,Boston College Eagles,1,73,17,9,4,2,34,14,20,67,31,7,23,8,4,13,0,0.462686567,0.304347826,0.5,-6,7,0,1,-1,9,10,-1,0,-0.066725198,-0.195652174,-0.333333333,0
124,63,Miami (FL) Hurricanes,0,46,6,7,6,2,23,5,18,50,17,4,21,15,8,14,0,0.34,0.19047619,0.533333333,-10,-10,-7,1,-4,-17,-5,-12,4,-0.083076923,-0.162464986,-0.066666667,0
125,63,Virginia Cavaliers,1,56,16,14,5,6,40,10,30,52,22,6,17,10,6,10,1,0.423076923,0.352941176,0.6,10,10,7,-1,4,17,5,12,-4,0.083076923,0.162464986,0.066666667,0
126,64,Pittsburgh Panthers,1,56,14,11,6,1,37,16,21,57,18,5,22,22,15,17,0,0.315789474,0.227272727,0.681818182,-9,3,2,-1,-5,3,6,-3,0,-0.099304866,-0.090909091,-0.14171123,0
127,64,Syracuse Orange,0,65,11,9,7,6,34,10,24,53,22,7,22,17,14,17,1,0.41509434,0.318181818,0.823529412,9,-3,-2,1,5,-3,-6,3,0,0.099304866,0.090909091,0.14171123,0
128,65,Wake Forest Demon Deacons,0,37,8,15,4,3,35,15,20,59,14,3,22,8,6,14,0,0.237288136,0.136363636,0.75,-27,-5,4,-4,-7,5,8,-3,2,-0.234409978,-0.196969697,0.022727273,0
129,65,Clemson Tigers,1,64,13,11,8,10,30,7,23,53,25,6,18,11,8,12,1,0.471698113,0.333333333,0.727272727,27,5,-4,4,7,-5,-8,3,-2,0.234409978,0.196969697,-0.022727273,0
130,66,Virginia Tech Hokies,1,64,13,12,4,5,24,4,20,45,20,9,24,21,15,14,0,0.444444444,0.375,0.714285714,-8,-1,-3,1,5,-6,-6,0,-2,-0.008385744,-0.106481481,-0.202380952,0
131,66,Louisville Cardinals,0,72,14,15,3,0,30,10,20,53,24,13,27,12,11,16,1,0.452830189,0.481481481,0.916666667,8,1,3,-1,-5,6,6,0,2,0.008385744,0.106481481,0.202380952,0
132,67,Boston College Eagles,0,55,9,14,1,0,30,5,25,56,20,6,17,11,9,15,0,0.357142857,0.352941176,0.818181818,-25,-5,7,-8,-9,-11,-9,-2,2,-0.089010989,0.06127451,0.136363636,0
133,67,Duke Blue Devils,1,80,14,7,9,9,41,14,27,65,29,7,24,22,15,13,1,0.446153846,0.291666667,0.681818182,25,5,-7,8,9,11,9,2,-2,0.089010989,-0.06127451,-0.136363636,0
134,68,Pittsburgh Panthers,0,76,15,9,9,4,32,14,18,69,29,8,21,18,10,15,0,0.420289855,0.380952381,0.555555556,-2,-1,-9,5,-2,-9,0,-9,-2,-0.001585145,0.005952381,-0.194444444,0
135,68,Wake Forest Demon Deacons,1,78,16,18,4,6,41,14,27,64,27,9,24,20,15,17,1,0.421875,0.375,0.75,2,1,9,-5,2,9,0,9,2,0.001585145,-0.005952381,0.194444444,0
136,69,North Carolina Tar Heels,1,113,26,17,7,7,38,11,27,66,37,8,21,37,31,23,1,0.560606061,0.380952381,0.837837838,17,9,6,-2,1,16,1,15,-5,0.060606061,-0.030812325,0.212837838,0
137,69,North Carolina State Wolfpack,0,96,17,11,9,6,22,10,12,74,37,7,17,24,15,28,0,0.5,0.411764706,0.625,-17,-9,-6,2,-1,-16,-1,-15,5,-0.060606061,0.030812325,-0.212837838,0
138,70,Syracuse Orange,1,62,7,19,9,7,27,9,18,51,21,5,20,24,15,14,0,0.411764706,0.25,0.625,-18,-18,-2,-2,4,-4,1,-5,-7,-0.13368984,-0.25,-0.125,0
139,70,Florida State Seminoles,0,80,25,21,11,3,31,8,23,55,30,11,22,12,9,21,1,0.545454545,0.5,0.75,18,18,2,2,-4,4,-1,5,7,0.13368984,0.25,0.125,0
140,71,Georgia Tech Yellow Jackets,1,42,8,16,6,8,24,6,18,43,13,4,12,16,12,11,0,0.302325581,0.333333333,0.75,-23,-9,6,-1,1,-10,-1,-9,-4,-0.18858351,-0.019607843,0.25,0
141,71,Clemson Tigers,0,65,17,10,7,7,34,7,27,55,27,6,17,10,5,15,1,0.490909091,0.352941176,0.5,23,9,-6,1,-1,10,1,9,4,0.18858351,0.019607843,-0.25,0
142,72,Miami (FL) Hurricanes,1,62,8,10,10,1,38,11,27,62,27,4,22,5,4,13,1,0.435483871,0.181818182,0.8,15,1,-4,4,0,7,4,3,3,0.1140553,0.038961039,-0.2,0
143,72,Notre Dame Fighting Irish,0,47,7,14,6,1,31,7,24,56,18,4,28,7,7,10,0,0.321428571,0.142857143,1,-15,-1,4,-4,0,-7,-4,-3,-3,-0.1140553,-0.038961039,0.2,0
144,73,Miami (FL) Hurricanes,0,85,14,15,6,3,35,9,26,68,32,14,31,7,7,16,0,0.470588235,0.451612903,1,-3,-1,5,-3,-1,6,6,0,3,0.000891266,-0.048387097,0.235294118,0
145,73,North Carolina Tar Heels,1,88,15,10,9,4,29,3,26,66,31,13,26,17,13,13,1,0.46969697,0.5,0.764705882,3,1,-5,3,1,-6,-6,0,-3,-0.000891266,0.048387097,-0.235294118,0
146,74,Clemson Tigers,1,59,13,12,6,12,28,5,23,46,19,11,28,13,10,18,1,0.413043478,0.392857143,0.769230769,8,6,1,-1,12,2,-3,5,6,0.190821256,0.170634921,-0.13986014,0
147,74,Virginia Tech Hokies,0,51,7,11,7,0,26,8,18,45,10,4,18,11,10,12,0,0.222222222,0.222222222,0.909090909,-8,-6,-1,1,-12,-2,3,-5,-6,-0.190821256,-0.170634921,0.13986014,0
148,75,North Carolina State Wolfpack,0,79,17,10,7,4,34,18,16,64,26,14,27,21,13,16,1,0.40625,0.518518519,0.619047619,3,6,-5,1,-4,0,7,-7,-4,-0.066477273,0.097465887,-0.223057644,0
149,75,Pittsburgh Panthers,1,76,11,15,6,8,34,11,23,55,26,8,19,19,16,20,0,0.472727273,0.421052632,0.842105263,-3,-6,5,-1,4,0,-7,7,4,0.066477273,-0.097465887,0.223057644,0
150,76,Boston College Eagles,0,56,12,16,4,1,30,10,20,54,18,7,23,19,13,20,0,0.333333333,0.304347826,0.684210526,-11,2,5,-8,-5,-2,1,-3,4,-0.081761006,-0.064073227,-0.115789474,0
151,76,Syracuse Orange,1,67,10,11,12,6,32,9,23,53,22,7,19,20,16,16,1,0.41509434,0.368421053,0.8,11,-2,-5,8,5,2,-1,3,-4,0.081761006,0.064073227,0.115789474,0
152,77,Louisville Cardinals,0,75,12,23,1,1,33,7,26,52,25,12,28,16,13,28,0,0.480769231,0.428571429,0.8125,-5,6,15,-10,-1,2,-5,7,7,0.10372005,0.124223602,0.0625,0
153,77,Florida State Seminoles,1,80,6,8,11,2,31,12,19,61,23,7,23,36,27,21,1,0.37704918,0.304347826,0.75,5,-6,-15,10,1,-2,5,-7,-7,-0.10372005,-0.124223602,-0.0625,0
154,78,Virginia Cavaliers,1,71,15,13,8,5,25,11,14,60,28,10,24,7,5,17,0,0.466666667,0.416666667,0.714285714,-10,-3,-2,-4,0,1,4,-3,8,-0.111111111,-0.202380952,0.01863354,0
155,78,Duke Blue Devils,0,81,18,15,12,5,24,7,17,45,26,13,21,23,16,9,1,0.577777778,0.619047619,0.695652174,10,3,2,4,0,-1,-4,3,-8,0.111111111,0.202380952,-0.01863354,0
156,79,Georgia Tech Yellow Jackets,0,59,13,12,7,7,33,10,23,54,22,7,23,13,8,17,0,0.407407407,0.304347826,0.615384615,-10,1,4,-1,5,-10,-8,-2,3,0.079282407,0.082125604,-0.224615385,0
157,79,Notre Dame Fighting Irish,1,69,12,8,8,2,43,18,25,64,21,6,27,25,21,14,1,0.328125,0.222222222,0.84,10,-1,-4,1,-5,10,8,2,-3,-0.079282407,-0.082125604,0.224615385,0
158,80,North Carolina Tar Heels,1,61,17,7,2,3,37,15,22,65,23,9,30,7,6,14,0,0.353846154,0.3,0.857142857,-8,1,-1,-3,-3,11,12,-1,3,-0.179487179,-0.25,0.301587302,0
159,80,Virginia Cavaliers,0,69,16,8,5,6,26,3,23,45,24,11,20,18,10,11,1,0.533333333,0.55,0.555555556,8,-1,1,3,3,-11,-12,1,-3,0.179487179,0.25,-0.301587302,0
160,81,Boston College Eagles,1,66,14,16,5,7,42,12,30,52,24,8,18,19,10,16,1,0.461538462,0.444444444,0.526315789,9,1,6,-5,5,5,-2,7,-2,0.171683389,0.174174174,-0.057017544,0
161,81,Pittsburgh Panthers,0,57,13,10,10,2,37,14,23,69,20,10,37,12,7,18,0,0.289855072,0.27027027,0.583333333,-9,-1,-6,5,-5,-5,2,-7,2,-0.171683389,-0.174174174,0.057017544,0
162,82,Louisville Cardinals,1,69,17,17,6,3,38,9,29,60,25,9,27,13,10,17,0,0.416666667,0.333333333,0.769230769,-2,7,6,-6,1,-1,-2,1,0,0.051587302,0.083333333,0.019230769,0
163,82,Duke Blue Devils,0,71,10,11,12,2,39,11,28,63,23,7,28,24,18,17,1,0.365079365,0.25,0.75,2,-7,-6,6,-1,1,2,-1,0,-0.051587302,-0.083333333,-0.019230769,0
164,83,Clemson Tigers,0,64,8,11,5,2,34,6,28,55,23,3,19,15,15,17,0,0.418181818,0.157894737,1,-1,-1,4,2,-2,8,1,7,1,0.029292929,-0.242105263,0.235294118,0
165,83,Miami (FL) Hurricanes,1,65,9,7,3,4,26,5,21,54,21,10,25,17,13,16,1,0.388888889,0.4,0.764705882,1,1,-4,-2,2,-8,-1,-7,-1,-0.029292929,0.242105263,-0.235294118,0
166,84,Florida State Seminoles,1,88,21,9,7,6,41,12,29,62,35,10,26,16,8,16,1,0.564516129,0.384615385,0.5,22,8,0,4,3,16,7,9,0,0.178551217,-0.055384615,-0.147058824,0
167,84,Wake Forest Demon Deacons,0,66,13,9,3,3,25,5,20,57,22,11,25,17,11,16,0,0.385964912,0.44,0.647058824,-22,-8,0,-4,-3,-16,-7,-9,0,-0.178551217,0.055384615,0.147058824,0
168,85,North Carolina State Wolfpack,1,73,19,20,10,4,37,5,32,49,24,5,18,24,20,17,1,0.489795918,0.277777778,0.833333333,15,11,8,0,1,9,-5,14,-2,0.139795918,0.077777778,0.333333333,0
169,85,Syracuse Orange,0,58,8,12,10,3,28,10,18,60,21,5,25,22,11,19,0,0.35,0.2,0.5,-15,-11,-8,0,-1,-9,5,-14,2,-0.139795918,-0.077777778,-0.333333333,0
170,86,Georgia Tech Yellow Jackets,0,68,15,10,2,4,26,7,19,53,23,11,27,13,11,14,0,0.433962264,0.407407407,0.846153846,-8,-5,1,-5,1,3,0,3,-2,-0.037735849,-0.025925926,0.123931624,0
171,86,Virginia Tech Hokies,1,76,20,9,7,3,23,7,16,53,25,13,30,18,13,16,1,0.471698113,0.433333333,0.722222222,8,5,-1,5,-1,-3,0,-3,2,0.037735849,0.025925926,-0.123931624,0
172,87,North Carolina State Wolfpack,0,78,16,12,8,3,23,4,19,66,33,6,19,11,6,19,0,0.5,0.315789474,0.545454545,-16,-5,0,-1,-4,-20,-10,-10,3,-0.03030303,0.128289474,-0.204545455,0
173,87,Duke Blue Devils,1,94,21,12,9,7,43,14,29,66,35,3,16,28,21,16,1,0.53030303,0.1875,0.75,16,5,0,1,4,20,10,10,-3,0.03030303,-0.128289474,0.204545455,0
174,88,Wake Forest Demon Deacons,1,57,8,20,2,4,32,14,18,67,22,4,23,13,9,9,0,0.328358209,0.173913043,0.692307692,-38,-13,5,-11,-2,-2,7,-9,-10,-0.294592611,-0.466086957,0.41958042,0
175,88,North Carolina Tar Heels,0,95,21,15,13,6,34,7,27,61,38,16,25,11,3,19,1,0.62295082,0.64,0.272727273,38,13,-5,11,2,2,-7,9,10,0.294592611,0.466086957,-0.41958042,0
176,89,Louisville Cardinals,1,56,8,12,5,3,28,3,25,54,19,6,19,14,12,12,1,0.351851852,0.315789474,0.857142857,1,0,-5,0,1,-11,-7,-4,-5,-0.03411306,-0.145748988,0.142857143,0
177,89,Clemson Tigers,0,55,8,17,5,2,39,10,29,57,22,6,13,7,5,17,0,0.385964912,0.461538462,0.714285714,-1,0,5,0,-1,11,7,4,5,0.03411306,0.145748988,-0.142857143,0
178,90,Virginia Cavaliers,1,60,12,8,5,4,35,6,29,52,19,8,23,17,14,6,1,0.365384615,0.347826087,0.823529412,6,4,1,-1,1,4,1,3,-7,0.01993007,0.08115942,-0.176470588,0
179,90,Notre Dame Fighting Irish,0,54,8,7,6,3,31,5,26,55,19,8,30,8,8,13,0,0.345454545,0.266666667,1,-6,-4,-1,1,-1,-4,-1,-3,7,-0.01993007,-0.08115942,0.176470588,0
180,91,Florida State Seminoles,0,69,17,14,7,6,48,10,38,64,25,9,30,14,10,17,1,0.390625,0.3,0.714285714,22,8,0,0,3,11,4,7,7,0.119438559,-0.047826087,0.077922078,0
181,91,Georgia Tech Yellow Jackets,1,47,9,14,7,3,37,6,31,59,16,8,23,11,7,10,0,0.271186441,0.347826087,0.636363636,-22,-8,0,0,-3,-11,-4,-7,-7,-0.119438559,0.047826087,-0.077922078,0
182,92,Virginia Tech Hokies,0,70,14,14,6,1,27,6,21,41,21,10,21,26,18,24,1,0.512195122,0.476190476,0.692307692,6,3,-1,-1,-1,5,0,5,2,0.047078843,0.203463203,0.025641026,0
183,92,Pittsburgh Panthers,1,64,11,15,7,2,22,6,16,43,20,6,22,27,18,22,0,0.465116279,0.272727273,0.666666667,-6,-3,1,1,1,-5,0,-5,-2,-0.047078843,-0.203463203,-0.025641026,0
184,93,Boston College Eagles,1,64,11,14,5,2,40,10,30,54,24,6,15,12,10,12,1,0.444444444,0.4,0.833333333,7,0,5,0,0,14,2,12,-3,0.077777778,0.246153846,0.083333333,0
185,93,Miami (FL) Hurricanes,0,57,11,9,5,2,26,8,18,60,22,4,26,12,9,15,0,0.366666667,0.153846154,0.75,-7,0,-5,0,0,-14,-2,-12,3,-0.077777778,-0.246153846,-0.083333333,0
186,94,Virginia Cavaliers,0,64,14,13,5,4,27,6,21,50,23,11,27,12,7,15,1,0.46,0.407407407,0.583333333,6,5,5,-4,2,1,-5,6,3,0.063448276,0.30026455,-0.108974359,0
187,94,Virginia Tech Hokies,1,58,9,8,9,2,26,11,15,58,23,3,28,13,9,12,0,0.396551724,0.107142857,0.692307692,-6,-5,-5,4,-2,-1,5,-6,-3,-0.063448276,-0.30026455,0.108974359,0
188,95,Notre Dame Fighting Irish,1,68,16,10,5,4,25,6,19,51,23,8,26,18,14,19,0,0.450980392,0.307692308,0.777777778,-7,-3,-4,-2,2,-9,-4,-5,3,-0.039585646,-0.136752137,0.095959596,0
189,95,Wake Forest Demon Deacons,0,75,19,14,7,2,34,10,24,53,26,8,18,22,15,16,1,0.490566038,0.444444444,0.681818182,7,3,4,2,-2,9,4,5,-3,0.039585646,0.136752137,-0.095959596,0
190,96,Clemson Tigers,1,64,11,11,5,4,28,7,21,60,23,8,23,16,10,18,0,0.383333333,0.347826087,0.625,-13,-1,-1,1,0,-12,-1,-11,-3,-0.1,-0.041062802,-0.080882353,0
191,96,Florida State Seminoles,0,77,12,12,4,4,40,8,32,60,29,7,18,17,12,21,1,0.483333333,0.388888889,0.705882353,13,1,1,-1,0,12,1,11,3,0.1,0.041062802,0.080882353,0
192,97,North Carolina State Wolfpack,1,89,14,13,11,0,36,15,21,67,29,9,25,26,22,18,1,0.432835821,0.36,0.846153846,9,1,-3,7,-4,-1,1,-2,-1,-0.035914179,-0.019310345,0.246153846,0
193,97,Boston College Eagles,0,80,13,16,4,4,37,14,23,64,30,11,29,15,9,19,0,0.46875,0.379310345,0.6,-9,-1,3,-7,4,1,-1,2,1,0.035914179,0.019310345,-0.246153846,0
194,98,Syracuse Orange,1,69,12,12,5,5,39,9,30,57,22,11,30,16,14,14,1,0.385964912,0.366666667,0.875,20,3,-1,-2,3,3,-1,4,-2,0.126705653,0.152380952,0.041666667,0
195,98,Louisville Cardinals,0,49,9,13,7,2,36,10,26,54,14,6,28,18,15,16,0,0.259259259,0.214285714,0.833333333,-20,-3,1,2,-3,-3,1,-4,2,-0.126705653,-0.152380952,-0.041666667,0
196,99,North Carolina Tar Heels,0,88,20,14,10,2,45,9,36,75,38,2,20,14,10,15,1,0.506666667,0.1,0.714285714,16,11,-6,-1,-6,8,-2,10,-2,0.159444444,-0.105128205,-0.022556391,0
197,99,Duke Blue Devils,1,72,9,20,11,8,37,11,26,72,25,8,39,19,14,17,0,0.347222222,0.205128205,0.736842105,-16,-11,6,1,6,-8,2,-10,2,-0.159444444,0.105128205,0.022556391,0
198,100,Pittsburgh Panthers,0,65,12,8,8,1,31,14,17,57,19,7,20,38,20,20,0,0.333333333,0.35,0.526315789,-8,-1,-4,4,-11,-3,8,-11,-4,-0.166666667,-0.018421053,-0.223684211,0
199,100,Georgia Tech Yellow Jackets,1,73,13,12,4,12,34,6,28,48,24,7,19,24,18,24,1,0.5,0.368421053,0.75,8,1,4,-4,11,3,-8,11,4,0.166666667,0.018421053,0.223684211,0
200,101,Syracuse Orange,1,65,12,5,9,5,37,17,20,70,24,5,23,19,12,16,0,0.342857143,0.217391304,0.631578947,-10,-4,-8,7,-1,-1,6,-7,0,-0.097820823,-0.092953523,-0.243421053,0
201,101,Duke Blue Devils,0,75,16,13,2,6,38,11,27,59,26,9,29,16,14,16,1,0.440677966,0.310344828,0.875,10,4,8,-7,1,1,-6,7,0,0.097820823,0.092953523,0.243421053,0
202,102,Virginia Cavaliers,0,64,12,4,2,7,35,6,29,56,26,2,17,10,10,12,1,0.464285714,0.117647059,1,12,2,-1,0,4,9,1,8,0,0.155194805,-0.245989305,0.25,0
203,102,Louisville Cardinals,1,52,10,5,2,3,26,5,21,55,17,12,33,8,6,12,0,0.309090909,0.363636364,0.75,-12,-2,1,0,-4,-9,-1,-8,0,-0.155194805,0.245989305,-0.25,0
204,103,Clemson Tigers,1,76,15,12,8,3,30,6,24,52,27,8,17,18,14,11,1,0.519230769,0.470588235,0.777777778,10,7,-1,5,2,-2,-6,4,-5,0.109394704,0.190588235,0.085470085,0
205,103,Boston College Eagles,0,66,8,13,3,1,32,12,20,61,25,7,25,13,9,16,0,0.409836066,0.28,0.692307692,-10,-7,1,-5,-2,2,6,-4,5,-0.109394704,-0.190588235,-0.085470085,0
206,104,Miami (FL) Hurricanes,1,80,20,10,10,4,32,12,20,58,27,9,25,19,17,16,1,0.465517241,0.36,0.894736842,15,7,-4,4,1,5,5,0,-2,0.034482759,0.026666667,0.228070175,0
207,104,Georgia Tech Yellow Jackets,0,65,13,14,6,3,27,7,20,58,25,7,21,12,8,18,0,0.431034483,0.333333333,0.666666667,-15,-7,4,-4,-1,-5,-5,0,2,-0.034482759,-0.026666667,-0.228070175,0
208,105,North Carolina Tar Heels,1,77,11,10,3,3,42,8,34,61,26,7,20,25,18,15,1,0.426229508,0.35,0.72,18,-2,0,-3,-5,11,2,9,-3,0.121144762,0.027419355,-0.0925,0
209,105,Florida State Seminoles,0,59,13,10,6,8,31,6,25,59,18,10,31,16,13,18,0,0.305084746,0.322580645,0.8125,-18,2,0,3,5,-11,-2,-9,3,-0.121144762,-0.027419355,0.0925,0
210,106,Virginia Tech Hokies,0,67,8,15,5,2,45,16,29,52,19,5,18,31,24,18,1,0.365384615,0.277777778,0.774193548,8,-1,5,-4,0,19,8,11,-7,0.037798408,0.047008547,-0.163306452,0
211,106,Notre Dame Fighting Irish,1,59,9,10,9,2,26,8,18,58,19,6,26,16,15,25,0,0.327586207,0.230769231,0.9375,-8,1,-5,4,0,-19,-8,-11,7,-0.037798408,-0.047008547,0.163306452,0
212,107,Wake Forest Demon Deacons,0,74,12,9,4,2,30,8,22,59,23,7,21,20,14,19,0,0.389830508,0.333333333,0.7,-20,-7,0,-1,-5,-14,-6,-8,-1,-0.072856059,-0.033333333,0,0
213,107,North Carolina State Wolfpack,1,94,19,9,5,7,44,14,30,67,31,11,30,30,21,20,1,0.462686567,0.366666667,0.7,20,7,0,1,5,14,6,8,1,0.072856059,0.033333333,0,0
214,108,Notre Dame Fighting Irish,0,61,9,9,10,4,23,4,19,56,22,8,21,13,9,14,0,0.392857143,0.380952381,0.692307692,-7,-3,-5,7,0,-11,-5,-6,2,-0.053571429,0.065162907,-0.013574661,0
215,108,Florida State Seminoles,1,68,12,14,3,4,34,9,25,56,25,6,19,17,12,12,1,0.446428571,0.315789474,0.705882353,7,3,5,-7,0,11,5,6,-2,0.053571429,-0.065162907,0.013574661,0
216,109,Virginia Tech Hokies,1,77,12,5,6,1,26,6,20,50,23,8,26,29,23,15,1,0.46,0.307692308,0.793103448,5,1,-7,5,-3,-3,-1,-2,-5,-0.04,-0.025641026,0.003629764,0
217,109,Duke Blue Devils,0,72,11,12,1,4,29,7,22,50,25,7,21,19,15,20,0,0.5,0.333333333,0.789473684,-5,-1,7,-5,3,3,1,2,5,0.04,0.025641026,-0.003629764,0
218,110,Wake Forest Demon Deacons,1,76,12,13,4,1,40,14,26,61,24,9,26,23,19,22,1,0.393442623,0.346153846,0.826086957,1,-3,4,-6,-4,9,6,3,7,0.023072253,-0.008684864,-0.00149925,0
219,110,Miami (FL) Hurricanes,0,75,15,9,10,5,31,8,23,54,20,11,31,29,24,15,0,0.37037037,0.35483871,0.827586207,-1,3,-4,6,4,-9,-6,-3,-7,-0.023072253,0.008684864,0.00149925,0
220,111,Syracuse Orange,0,85,17,10,5,3,23,7,16,60,29,14,31,23,13,26,0,0.483333333,0.451612903,0.565217391,-8,-2,1,0,1,-15,-9,-6,8,0.080107527,0.141268076,-0.353701528,0
221,111,North Carolina Tar Heels,1,93,19,9,5,2,38,16,22,62,25,9,29,37,34,18,1,0.403225806,0.310344828,0.918918919,8,2,-1,0,-1,15,9,6,-8,-0.080107527,-0.141268076,0.353701528,0
222,112,Pittsburgh Panthers,1,48,8,13,7,5,27,5,22,44,12,3,14,28,21,13,0,0.272727273,0.214285714,0.75,-14,-10,0,1,-1,-5,1,-6,-10,-0.15034965,-0.17032967,-0.138888889,0
223,112,Clemson Tigers,0,62,18,13,6,6,32,4,28,52,22,10,26,9,8,23,1,0.423076923,0.384615385,0.888888889,14,10,0,-1,1,5,-1,6,10,0.15034965,0.17032967,0.138888889,0
224,113,Virginia Cavaliers,1,81,17,7,3,5,37,8,29,54,30,9,17,17,12,9,1,0.555555556,0.529411765,0.705882353,30,10,0,-1,2,17,3,14,-4,0.180555556,0.235294118,0.134453782,0
225,113,Georgia Tech Yellow Jackets,0,51,7,7,4,3,20,5,15,56,21,5,17,7,4,13,0,0.375,0.294117647,0.571428571,-30,-10,0,1,-2,-17,-3,-14,4,-0.180555556,-0.235294118,-0.134453782,0
226,114,Boston College Eagles,1,66,12,4,6,4,36,7,29,61,22,6,21,24,16,13,1,0.360655738,0.285714286,0.666666667,7,2,-8,3,3,-11,-7,-4,-4,0.032297529,0.077380952,-0.102564103,0
227,114,Louisville Cardinals,0,59,10,12,3,1,47,14,33,67,22,5,24,13,10,17,0,0.328358209,0.208333333,0.769230769,-7,-2,8,-3,-3,11,7,4,4,-0.032297529,-0.077380952,0.102564103,0
228,115,North Carolina Tar Heels,0,81,19,14,5,3,38,10,28,63,26,13,33,24,16,17,1,0.412698413,0.393939394,0.666666667,2,4,3,-5,-1,3,5,-2,-3,-0.060985798,0.03030303,-0.106060606,0
229,115,Clemson Tigers,1,79,15,11,10,4,35,5,30,57,27,8,22,22,17,20,0,0.473684211,0.363636364,0.772727273,-2,-4,-3,5,1,-3,-5,2,3,0.060985798,-0.03030303,0.106060606,0
230,116,Florida State Seminoles,1,78,9,16,4,9,35,10,25,54,26,3,13,30,23,18,1,0.481481481,0.230769231,0.766666667,5,2,4,-5,8,8,1,7,-8,0.07470182,-0.24291498,0.004761905,0
231,116,North Carolina State Wolfpack,0,73,7,12,9,1,27,9,18,59,24,9,19,21,16,26,0,0.406779661,0.473684211,0.761904762,-5,-2,-4,5,-8,-8,-1,-7,8,-0.07470182,0.24291498,-0.004761905,0
232,117,Syracuse Orange,0,79,13,14,15,5,27,9,18,57,31,4,19,18,13,16,1,0.543859649,0.210526316,0.722222222,25,3,-8,6,4,-1,-1,0,-2,0.216936572,-0.137299771,-0.027777778,0
233,117,Wake Forest Demon Deacons,1,54,10,22,9,1,28,10,18,52,17,8,23,16,12,18,0,0.326923077,0.347826087,0.75,-25,-3,8,-6,-4,1,1,0,2,-0.216936572,0.137299771,0.027777778,0
234,118,Pittsburgh Panthers,0,49,12,15,6,2,23,5,18,44,17,6,19,13,9,18,0,0.386363636,0.315789474,0.692307692,-24,-2,5,-3,1,-1,4,-5,2,-0.199002217,-0.246710526,-0.107692308,0
235,118,Virginia Cavaliers,1,73,14,10,9,1,24,1,23,41,24,9,16,20,16,16,1,0.585365854,0.5625,0.8,24,2,-5,3,-1,1,-4,5,-2,0.199002217,0.246710526,0.107692308,0
236,119,Miami (FL) Hurricanes,0,57,11,16,11,3,28,11,17,63,22,6,24,12,7,16,0,0.349206349,0.25,0.583333333,-30,-7,0,1,-1,-13,2,-15,2,-0.222222222,-0.102941176,-0.05952381,0
237,119,Duke Blue Devils,1,87,18,16,10,4,41,9,32,63,36,6,17,14,9,14,1,0.571428571,0.352941176,0.642857143,30,7,0,-1,1,13,-2,15,-2,0.222222222,0.102941176,0.05952381,0
238,120,Louisville Cardinals,1,75,12,9,1,3,48,11,37,63,30,2,22,15,13,10,1,0.476190476,0.090909091,0.866666667,14,-1,3,-6,3,19,5,14,-2,0.089093702,-0.255244755,0.580952381,0
239,120,Notre Dame Fighting Irish,0,61,13,6,7,0,29,6,23,62,24,9,26,14,4,12,0,0.387096774,0.346153846,0.285714286,-14,1,-3,6,-3,-19,-5,-14,2,-0.089093702,0.255244755,-0.580952381,0
240,121,Georgia Tech Yellow Jackets,1,81,19,9,4,3,34,12,22,61,31,8,25,20,11,18,1,0.508196721,0.32,0.55,3,-1,3,-1,-3,0,-1,1,0,0.023348236,0.143529412,-0.183333333,0
241,121,Boston College Eagles,0,78,20,6,5,6,34,13,21,66,32,3,17,15,11,18,0,0.484848485,0.176470588,0.733333333,-3,1,-3,1,3,0,1,-1,0,-0.023348236,-0.143529412,0.183333333,0
242,122,Syracuse Orange,1,53,8,9,9,4,30,11,19,57,19,8,25,11,7,13,0,0.333333333,0.32,0.636363636,-26,-13,-2,2,-4,-2,5,-7,-3,-0.215686275,-0.4,0.181818182,0
243,122,Virginia Cavaliers,0,79,21,11,7,8,32,6,26,51,28,18,25,11,5,16,1,0.549019608,0.72,0.454545455,26,13,2,-2,4,2,-5,7,3,0.215686275,0.4,-0.181818182,0
244,123,Wake Forest Demon Deacons,0,70,8,9,3,1,36,9,27,71,28,7,23,12,7,22,0,0.394366197,0.304347826,0.583333333,-1,-2,-6,0,-6,-2,0,-2,8,-0.019426906,-0.013833992,-0.032051282,0
245,123,Duke Blue Devils,1,71,10,15,3,7,38,9,29,58,24,7,22,26,16,14,1,0.413793103,0.318181818,0.615384615,1,2,6,0,6,2,0,2,-8,0.019426906,0.013833992,0.032051282,0
246,124,Florida State Seminoles,1,73,12,7,6,1,31,8,23,58,22,10,36,22,19,15,1,0.379310345,0.277777778,0.863636364,9,1,-7,3,1,-6,1,-7,-6,-0.035783995,-0.018518519,0.063636364,0
247,124,Virginia Tech Hokies,0,64,11,14,3,0,37,7,30,53,22,8,27,15,12,21,0,0.41509434,0.296296296,0.8,-9,-1,7,-3,-1,6,-1,7,6,0.035783995,0.018518519,-0.063636364,0
248,125,Pittsburgh Panthers,0,63,13,15,4,1,32,7,25,48,21,9,25,23,12,19,0,0.4375,0.36,0.52173913,-13,-1,7,-4,1,-2,-4,2,3,0.008928571,0.026666667,-0.256038647,0
249,125,Miami (FL) Hurricanes,1,76,14,8,8,0,34,11,23,63,27,8,24,18,14,16,1,0.428571429,0.333333333,0.777777778,13,1,-7,4,-1,2,4,-2,-3,-0.008928571,-0.026666667,0.256038647,0
250,126,Boston College Eagles,1,66,11,7,6,7,32,6,26,70,24,12,36,10,6,14,0,0.342857143,0.333333333,0.6,-13,-11,-3,1,5,-21,-11,-10,2,-0.078195489,0.015151515,-0.015384615,0
251,126,North Carolina Tar Heels,0,79,22,10,5,2,53,17,36,76,32,7,22,13,8,12,1,0.421052632,0.318181818,0.615384615,13,11,3,-1,-5,21,11,10,-2,0.078195489,-0.015151515,0.015384615,0
252,127,Clemson Tigers,0,64,9,9,4,5,32,5,27,54,24,3,12,18,13,15,1,0.444444444,0.25,0.722222222,2,-3,1,-1,3,-5,-4,-1,1,0.080808081,-0.03,-0.027777778,0
253,127,Notre Dame Fighting Irish,1,62,12,8,5,2,37,9,28,55,20,7,25,20,15,14,0,0.363636364,0.28,0.75,-2,3,-1,1,-3,5,4,1,-1,-0.080808081,0.03,0.027777778,0
254,128,North Carolina State Wolfpack,1,61,12,8,5,5,32,13,19,69,22,8,35,11,9,17,0,0.31884058,0.228571429,0.818181818,-2,-5,-6,0,-2,1,12,-11,8,-0.262554769,0.028571429,0.218181818,0
255,128,Georgia Tech Yellow Jackets,0,63,17,14,5,7,31,1,30,43,25,1,5,20,12,9,1,0.581395349,0.2,0.6,2,5,6,0,2,-1,-12,11,-8,0.262554769,-0.028571429,-0.218181818,0
256,129,Miami (FL) Hurricanes,0,70,17,8,5,4,29,6,23,59,27,6,29,14,10,13,0,0.457627119,0.206896552,0.714285714,-14,-2,0,3,4,-1,1,-2,0,-0.033898305,-0.331564987,-0.208791209,0
257,129,Virginia Tech Hokies,1,84,19,8,2,0,30,5,25,59,29,14,26,13,12,13,1,0.491525424,0.538461538,0.923076923,14,2,0,-3,-4,1,-1,2,0,0.033898305,0.331564987,0.208791209,0
258,130,Louisville Cardinals,0,68,7,10,2,3,34,10,24,56,23,9,25,17,13,20,0,0.410714286,0.36,0.764705882,-5,-6,6,-5,-3,9,2,7,5,0.007205514,-0.068571429,0.050420168,0
259,130,Virginia Cavaliers,1,73,13,4,7,6,25,8,17,57,23,12,28,21,15,15,1,0.403508772,0.428571429,0.714285714,5,6,-6,5,3,-9,-2,-7,-5,-0.007205514,0.068571429,-0.050420168,0
260,131,Florida State Seminoles,0,65,11,8,6,6,43,11,32,56,24,6,21,21,11,23,1,0.428571429,0.285714286,0.523809524,8,7,1,2,6,2,-2,4,2,0.166276347,0.109243697,-0.234811166,0
261,131,Wake Forest Demon Deacons,1,57,4,7,4,0,41,13,28,61,16,3,17,29,22,21,0,0.262295082,0.176470588,0.75862069,-8,-7,-1,-2,-6,-2,2,-4,-2,-0.166276347,-0.109243697,0.234811166,0
262,132,Clemson Tigers,1,67,13,15,11,5,40,13,27,56,19,5,24,30,24,14,1,0.339285714,0.208333333,0.8,12,5,-2,3,1,13,7,6,-7,-0.035714286,-0.10745614,0.035294118,0
263,132,Syracuse Orange,0,55,8,17,8,4,27,6,21,48,18,6,19,17,13,21,0,0.375,0.315789474,0.764705882,-12,-5,2,-3,-1,-13,-7,-6,7,0.035714286,0.10745614,-0.035294118,0
264,133,Notre Dame Fighting Irish,0,53,15,10,0,5,34,7,27,52,17,9,26,15,10,15,0,0.326923077,0.346153846,0.666666667,-3,1,2,-6,3,3,-3,6,0,-0.052387268,-0.017482517,0.166666667,0
265,133,Pittsburgh Panthers,1,56,14,8,6,2,31,10,21,58,22,8,22,8,4,15,1,0.379310345,0.363636364,0.5,3,-1,-2,6,-3,-3,3,-6,0,0.052387268,0.017482517,-0.166666667,0
266,134,North Carolina State Wolfpack,0,73,16,11,8,5,51,17,34,73,29,9,26,6,6,12,1,0.397260274,0.346153846,1,26,8,0,3,0,15,6,9,4,0.130593607,0.188259109,0.25,0
267,134,Boston College Eagles,1,47,8,11,5,5,36,11,25,60,16,3,19,16,12,8,0,0.266666667,0.157894737,0.75,-26,-8,0,-3,0,-15,-6,-9,-4,-0.130593607,-0.188259109,-0.25,0
268,135,Duke Blue Devils,0,70,15,12,5,7,43,15,28,73,25,8,32,17,12,12,0,0.342465753,0.25,0.705882353,-9,-1,2,0,-1,0,3,-3,-2,-0.062939652,-0.137096774,0.167420814,0
269,135,North Carolina Tar Heels,1,79,16,10,5,8,43,12,31,74,30,12,31,13,7,14,1,0.405405405,0.387096774,0.538461538,9,1,-2,0,1,0,-3,3,2,0.062939652,0.137096774,-0.167420814,0
270,136,Miami (FL) Hurricanes,1,79,12,11,7,3,31,8,23,53,27,7,16,25,18,19,1,0.509433962,0.4375,0.72,8,2,-3,3,1,0,-1,1,0,0.035749752,0,0.095,1
271,136,Wake Forest Demon Deacons,0,71,10,14,4,2,31,9,22,57,27,7,16,16,10,19,0,0.473684211,0.4375,0.625,-8,-2,3,-3,-1,0,1,-1,0,-0.035749752,0,-0.095,1
272,137,Notre Dame Fighting Irish,0,78,16,7,3,5,34,11,23,57,27,8,14,23,16,10,1,0.473684211,0.571428571,0.695652174,7,0,1,-1,0,6,3,3,-7,-0.042982456,0.221428571,0.409937888,1
273,137,Georgia Tech Yellow Jackets,1,71,16,6,4,5,28,8,20,60,31,7,20,7,2,17,0,0.516666667,0.35,0.285714286,-7,0,-1,1,0,-6,-3,-3,7,0.042982456,-0.221428571,-0.409937888,1
274,138,Pittsburgh Panthers,0,80,8,10,5,7,37,11,26,55,26,5,14,32,23,21,1,0.472727273,0.357142857,0.71875,10,-4,2,1,3,4,-4,8,1,0.116795069,0.117142857,-0.03987069,1
275,138,Boston College Eagles,1,70,12,8,4,4,33,15,18,59,21,6,25,29,22,20,0,0.355932203,0.24,0.75862069,-10,4,-2,-1,-3,-4,4,-8,-1,-0.116795069,-0.117142857,0.03987069,1
276,139,Clemson Tigers,0,58,13,11,3,3,37,13,24,62,22,9,23,8,5,15,0,0.35483871,0.391304348,0.625,-1,3,3,-1,0,10,9,1,3,-0.055875576,0.105590062,-0.152777778,1
277,139,North Carolina State Wolfpack,1,59,10,8,4,3,27,4,23,56,23,6,21,9,7,12,1,0.410714286,0.285714286,0.777777778,1,-3,-3,1,0,-10,-9,-1,-3,0.055875576,-0.105590062,0.152777778,1
278,140,Miami (FL) Hurricanes,0,56,10,8,3,0,29,9,20,56,19,8,29,14,10,10,0,0.339285714,0.275862069,0.714285714,-15,-7,-1,-1,-3,-5,2,-7,-5,-0.160714286,-0.131545338,-0.142857143,1
279,140,Virginia Tech Hokies,1,71,17,9,4,3,34,7,27,54,27,11,27,7,6,15,1,0.5,0.407407407,0.857142857,15,7,1,1,3,5,-2,7,5,0.160714286,0.131545338,0.142857143,1
280,141,Notre Dame Fighting Irish,0,53,6,3,3,1,36,13,23,67,18,3,27,18,14,13,0,0.268656716,0.111111111,0.777777778,-22,-8,-2,1,-5,-13,-2,-11,-3,-0.125282678,-0.199233716,-0.155555556,1
281,141,Louisville Cardinals,1,75,14,5,2,6,49,15,34,66,26,9,29,15,14,16,1,0.393939394,0.310344828,0.933333333,22,8,2,-1,5,13,2,11,3,0.125282678,0.199233716,0.155555556,1
282,142,Pittsburgh Panthers,0,59,9,14,9,2,33,15,18,55,18,10,23,16,13,24,0,0.327272727,0.434782609,0.8125,-14,-5,1,-2,-4,0,3,-3,8,-0.106689537,-0.009661836,0.098214286,1
283,142,Syracuse Orange,1,73,14,13,11,6,33,12,21,53,23,12,27,21,15,16,1,0.433962264,0.444444444,0.714285714,14,5,-1,2,4,0,-3,3,-8,0.106689537,0.009661836,-0.098214286,1
284,143,North Carolina State Wolfpack,0,56,6,9,3,3,24,7,17,49,19,3,20,25,15,18,0,0.387755102,0.15,0.6,-20,-12,2,-4,2,-5,2,-7,-1,-0.133078231,-0.326190476,-0.127272727,1
285,143,Virginia Cavaliers,1,76,18,7,7,1,29,5,24,48,25,10,21,22,16,19,1,0.520833333,0.476190476,0.727272727,20,12,-2,4,-2,5,-2,7,1,0.133078231,0.326190476,0.127272727,1
286,144,Florida State Seminoles,1,65,14,13,5,3,38,8,30,57,22,12,31,11,9,17,1,0.385964912,0.387096774,0.818181818,2,3,4,-2,0,10,2,8,5,-0.054713054,0.176570458,0.27972028,1
287,144,Virginia Tech Hokies,0,63,11,9,7,3,28,6,22,59,26,4,19,13,7,12,0,0.440677966,0.210526316,0.538461538,-2,-3,-4,2,0,-10,-2,-8,-5,0.054713054,-0.176570458,-0.27972028,1
288,145,Louisville Cardinals,0,70,18,11,2,2,33,5,28,66,27,11,36,8,5,20,0,0.409090909,0.305555556,0.625,-13,2,2,-3,-2,-4,-2,-2,3,-0.052447552,-0.044444444,-0.136904762,1
289,145,North Carolina Tar Heels,1,83,16,9,5,4,37,7,30,65,30,7,20,21,16,17,1,0.461538462,0.35,0.761904762,13,-2,-2,3,2,4,2,2,-3,0.052447552,0.044444444,0.136904762,1
290,146,Syracuse Orange,0,72,7,17,8,3,27,9,18,52,25,9,21,22,13,22,0,0.480769231,0.428571429,0.590909091,-12,-9,-1,-6,-1,-8,-1,-7,5,-0.056267806,0.124223602,-0.087662338,1
291,146,Duke Blue Devils,1,84,16,18,14,4,35,10,25,54,29,7,23,28,19,17,1,0.537037037,0.304347826,0.678571429,12,9,1,6,1,8,1,7,-5,0.056267806,-0.124223602,0.087662338,1
292,147,Florida State Seminoles,0,69,10,12,3,3,33,9,24,46,26,6,16,15,11,16,1,0.565217391,0.375,0.733333333,10,2,5,-2,1,15,3,12,-1,0.150123052,0.166666667,-0.035897436,1
293,147,Virginia Cavaliers,1,59,8,7,5,2,18,6,12,53,22,5,24,13,10,17,0,0.41509434,0.208333333,0.769230769,-10,-2,-5,2,-1,-15,-3,-12,1,-0.150123052,-0.166666667,0.035897436,1
294,148,Duke Blue Devils,0,74,15,12,6,6,34,9,25,65,31,5,20,13,7,16,1,0.476923077,0.25,0.538461538,1,2,4,1,6,-4,-6,2,1,0.079662803,0.096153846,-0.194871795,1
295,148,North Carolina Tar Heels,1,73,13,8,5,0,38,15,23,73,29,4,26,15,11,15,0,0.397260274,0.153846154,0.733333333,-1,-2,-4,-1,-6,4,6,-2,-1,-0.079662803,-0.096153846,0.194871795,1
296,149,Duke Blue Devils,1,73,11,12,8,6,32,6,26,55,27,2,14,21,17,17,1,0.490909091,0.142857143,0.80952381,10,3,0,3,1,2,-6,8,1,0.173448773,-0.257142857,-0.12797619,1
297,149,Florida State Seminoles,0,63,8,12,5,5,30,12,18,63,20,8,20,16,15,16,0,0.317460317,0.4,0.9375,-10,-3,0,-3,-1,-2,6,-8,-1,-0.173448773,0.257142857,0.12797619,1
